<?xml version="1.0"?>
<framenumbers>
<frame id="1">
<framename>Chapter 2</framename>
<sectionname>Introduction</sectionname>
<audiotranscript>&lt;p&gt;Welcome to the Influenza Learning System.&lt;/p&gt;&#xD;
&#xD;
&lt;p&gt;This module on &lt;strong&gt;Influenza Vaccines Competitive Landscape&lt;/strong&gt;, provides an overview of the influenza vaccines currently approved for use in the European Union (EU).&lt;/p&gt;&#xD;
&#xD;
&lt;p&gt;Before proceeding, read the listed learning objectives.&lt;/p&gt;&#xD;
&#xD;
&lt;p&gt;After completing this module, you should be able to:&lt;/p&gt;&#xD;
&#xD;
&lt;ul&gt;&#xD;
	&lt;li&gt;List the various manufacturers that produce and deliver influenza vaccines in Europe.&lt;/li&gt;&#xD;
	&lt;li&gt;Describe the various influenza vaccines approved in the EU region.&lt;/li&gt;&#xD;
&lt;/ul&gt;&#xD;
</audiotranscript>
<htmlcontent>&lt;div class="audio-slides"&gt;&#xD;
&lt;p&gt;jbvghfgdf&lt;/p&gt;&#xD;
&lt;/div&gt;&#xD;
</htmlcontent>
<information>&lt;p&gt;ghggg&lt;/p&gt;&#xD;
</information>
</frame>
<frame id="2"><framename>dfddfdf</framename><sectionname>dfdfdfd</sectionname><audiotranscript>&lt;p&gt;dfdf&lt;/p&gt;&#xD;
</audiotranscript><htmlcontent>&lt;p&gt;dff&lt;/p&gt;&#xD;
</htmlcontent><information>&lt;p&gt;dfdf&lt;/p&gt;&#xD;
</information></frame></framenumbers>
