[{"id":1,"thumbnail":"images/caricatcher/chip_steve.jpg","carititle":"Morph Cartoon","cariDescription":"This is live drwaing Mr. Mroph","author":"Ravi Pujari"},{"id":2,"thumbnail":"images/caricatcher/chip_steve.jpg","carititle":"Corp Cartoon","cariDescription":"This is live drwaing Mr. Mroph","author":"Rakesh Pk"},{"id":3,"thumbnail":"images/caricatcher/chip_steve.jpg","carititle":"Disney Cartoon","cariDescription":"This is live drwaing Mr. Mroph","author":"Ravi Pujari"},{"id":3,"thumbnail":"images/caricatcher/chip_steve.jpg","carititle":"Aust Cartoon","cariDescription":"This is live drwaing Mr. Mroph","author":"Rakesh Pk"},{"id":4,"thumbnail":"images/caricatcher/chip_steve.jpg","carititle":"Bold Cartoon","cariDescription":"This is live drwaing Mr. Mroph","author":"Rakesh Pk"}]