[{"id":"1","gallerythumb":"images/RP0002.jpg","galleryImage":"images/RP0002.jpg","paintingType":"Water Color Painting"},{"id":"2","gallerythumb":"images/RP0004.jpg","galleryImage":"images/RP0004.jpg","paintingType":"Water Color Painting"},{"id":"3","gallerythumb":"images/RP0005.jpg","galleryImage":"images/RP0005.jpg","paintingType":"Water Color Painting"},{"id":"4","gallerythumb":"images/RP0006.jpg","galleryImage":"images/RP0006.jpg","paintingType":"Water Color Painting"},{"id":"5","gallerythumb":"images/RP00010.jpg","galleryImage":"images/RP00010.jpg","paintingType":"Water Color Painting"},{"id":"6","gallerythumb":"images/RP00011.jpg","galleryImage":"images/RP00011.jpg","paintingType":"Water Color Painting"},{"id":"7","gallerythumb":"images/RP00012.jpg","galleryImage":"images/RP00012.jpg","paintingType":"Water Color Painting"},{"id":"8","gallerythumb":"images/RP0013.jpg","galleryImage":"images/RP0013.jpg","paintingType":"Water Color Painting"},{"id":"9","gallerythumb":"images/RP0007.jpg","galleryImage":"images/RP0007.jpg","paintingType":"Water Color Painting"},{"id":"10","gallerythumb":"images/RP0001.jpg","galleryImage":"images/RP0001.jpg","paintingType":"Water Color Painting"}]