<?xml version="1.0"?>
<humans>
    <user id="dr1000">
        <name>a</name>
        <job>Jack of All Trades</job>
        <personality>demanding and fetching</personality>
        <salary>$900,000,000</salary>
        <email>billnye@science.com</email>
        <user_notes>&lt;p style="text-align: center;"&gt;I hate beakman&lt;/p&gt;&#xD;
</user_notes>
    </user>
    <user id="dr1001">
        <name>Gates, Bill</name>
        <job>Self Employed</job>
        <personality>Dweeb</personality>
        <salary>$900,000,001</salary>
        <email>billgates@apple.com</email>
        <user_notes>&lt;blockquote&gt;&#xD;
&lt;p&gt;ghjkhkhjkhjk&lt;/p&gt;&#xD;
&lt;/blockquote&gt;&#xD;
</user_notes>
    </user>
    
    

    
<user id="24"><name>ggd</name><job>werwer</job><personality>sdff234</personality><salary>122345</salary><email>udeya.88@gmail.com</email><user_notes>&lt;p style="text-align: center;"&gt;cfgdfhjfgjgghj&lt;/p&gt;&#xD;
</user_notes></user></humans>
