<?xml version="1.0"?>
<framenumbers>
<frame id="1">
<framename>Chapter 1</framename>
<sectionname>Introduction</sectionname>
<audiotranscript>&lt;p&gt;Welcome to the Influenza Learning System.&lt;/p&gt;&#xD;
&#xD;
&lt;p&gt;This module on &lt;strong&gt;Influenza Vaccines Competitive Landscape&lt;/strong&gt;, provides an overview of the influenza vaccines currently approved for use in the European Union (EU).&lt;/p&gt;&#xD;
&#xD;
&lt;p&gt;Before proceeding, read the listed learning objectives.&lt;/p&gt;&#xD;
&#xD;
&lt;p&gt;After completing this module, you should be able to:&lt;/p&gt;&#xD;
&#xD;
&lt;ul&gt;&#xD;
	&lt;li&gt;List the various manufacturers that produce and deliver influenza vaccines in Europe.&lt;/li&gt;&#xD;
	&lt;li&gt;Describe the various influenza vaccines approved in the EU region.&lt;/li&gt;&#xD;
&lt;/ul&gt;&#xD;
</audiotranscript>
<htmlcontent>&lt;div class="audio-slides"&gt;&#xD;
&lt;p&gt;jbvghfgdf&lt;/p&gt;&#xD;
&lt;/div&gt;&#xD;
</htmlcontent>
<information>&lt;p&gt;ghggg&lt;/p&gt;&#xD;
</information>
</frame>
<frame id="2"><framename>dfddfdf</framename><sectionname>dfdfdfd</sectionname><audiotranscript>&lt;p&gt;dfdf&lt;/p&gt;&#xD;
</audiotranscript><htmlcontent>&lt;p&gt;dff&lt;/p&gt;&#xD;
</htmlcontent><information>&lt;p&gt;dfdf&lt;/p&gt;&#xD;
</information></frame><frame id="5"><framename>zdsfsdf</framename><sectionname>dsfgfg</sectionname><audiotranscript>&lt;div class="dsdsdsd" style="background:#eeeeee;border:1px solid #cccccc;padding:5px 10px;"&gt;&#xD;
&lt;h3&gt;&lt;img alt="" src=" https://upload.wikimedia.org/wikipedia/commons/d/d5/Panda_Mark.svg" style="float:left; height:100px; margin-right:10px; width:100px" /&gt;&lt;/h3&gt;&#xD;
&lt;a href="http://www.google.com" target="_blank"&gt;gddfgfhgjjhjk&lt;/a&gt;&#xD;
&#xD;
&lt;p&gt;Type the text here&lt;/p&gt;&#xD;
&#xD;
&lt;p&gt;&amp;nbsp;&lt;/p&gt;&#xD;
&#xD;
&lt;p&gt;&amp;nbsp;&lt;/p&gt;&#xD;
&lt;/div&gt;&#xD;
&#xD;
&lt;div class="dsdsf" style="background:#eeeeee;border:1px solid #cccccc;padding:5px 10px;"&gt;&#xD;
&lt;table border="0" cellpadding="0" cellspacing="0" style="width:100%"&gt;&#xD;
	&lt;tbody&gt;&#xD;
		&lt;tr&gt;&#xD;
			&lt;td style="width:50%"&gt;&#xD;
			&lt;h3&gt;Title 1&lt;/h3&gt;&#xD;
			&lt;/td&gt;&#xD;
			&lt;td&gt;&amp;nbsp;&lt;/td&gt;&#xD;
			&lt;td style="width:50%"&gt;&#xD;
			&lt;h3&gt;Title 2&lt;/h3&gt;&#xD;
			&lt;/td&gt;&#xD;
		&lt;/tr&gt;&#xD;
		&lt;tr&gt;&#xD;
			&lt;td&gt;Text 1&lt;/td&gt;&#xD;
			&lt;td&gt;&amp;nbsp;&lt;/td&gt;&#xD;
			&lt;td&gt;Text 2&lt;/td&gt;&#xD;
		&lt;/tr&gt;&#xD;
	&lt;/tbody&gt;&#xD;
&lt;/table&gt;&#xD;
&#xD;
&lt;p&gt;More text goes here.&lt;/p&gt;&#xD;
&#xD;
&lt;p&gt;&amp;nbsp;&lt;/p&gt;&#xD;
&lt;/div&gt;&#xD;
</audiotranscript><htmlcontent>&lt;p&gt;gfdgdfgdfgdg&lt;/p&gt;&#xD;
</htmlcontent><information>&lt;p&gt;hhjgjkjjllkl&lt;/p&gt;&#xD;
</information></frame></framenumbers>
